{
    "parent": "minecraft:recipes/root",
    "criteria": {
        "has_amethyst_block": {
            "trigger": "minecraft:inventory_changed",
            "conditions": {
                "items": [
                    {
                        "item": "minecraft:amethyst_block"
                    }
                ]
            }
        }
    },
    "requirements": [
        [
            "has_amethyst_block"
        ]
    ],
    "rewards": {
        "recipes": [
            "unpackable_amethyst_block:amethyst_shard"
        ]
    }
}