{
    "parent": "minecraft:recipes/root",
    "criteria": {
        "has_deepslate": {
            "trigger": "minecraft:inventory_changed",
            "conditions": {
                "items": [
                    {
                        "item": "minecraft:deepslate"
                    }
                ]
            }
        }
    },
    "requirements": [
        [
            "has_deepslate"
        ]
    ],
    "rewards": {
        "recipes": [
            "craftable_cobbled_deepslate:cobbled_deepslate"
        ]
    }
}