{
    "parent": "minecraft:recipes/root",
    "criteria": {
        "has_tripwire_hook": {
            "trigger": "minecraft:inventory_changed",
            "conditions": {
                "items": [
                    {
                        "item": "minecraft:tripwire_hook"
                    }
                ]
            }
        },
        "has_leather": {
            "trigger": "minecraft:inventory_changed",
            "conditions": {
                "items": [
                    {
                        "item": "minecraft:leather"
                    }
                ]
            }
        }
    },
    "requirements": [
        [
            "has_tripwire_hook",
            "has_leather"
        ]
    ],
    "rewards": {
        "recipes": [
            "craftable_saddle:saddle"
        ]
    }
}